{"cameraMode":{"drawMode":1,"name":"Wireframe","section":"Shading Mode"},"sceneLighting":true,"audioPlay":false,"sceneViewState":{"showFog":true,"showMaterialUpdate":false,"showSkybox":true,"showFlares":true,"showImageEffects":true,"showParticleSystems":true},"in2DMode":false,"pivot":{"x":-2.702296495437622,"y":-1.750870704650879,"z":4.613317489624023},"rotation":{"x":0.2033667415380478,"y":-0.030835991725325586,"z":0.006408166140317917,"w":0.978596568107605},"size":21.715539932250978,"orthographic":false}