{"cameraMode":{"drawMode":0,"name":"Shaded","section":"Shading Mode"},"sceneLighting":true,"audioPlay":false,"sceneViewState":{"showFog":true,"showMaterialUpdate":false,"showSkybox":true,"showFlares":true,"showImageEffects":true,"showParticleSystems":true},"in2DMode":false,"pivot":{"x":-299.7458190917969,"y":-312.17108154296877,"z":-361.48779296875},"rotation":{"x":0.10255242139101029,"y":-0.8963955640792847,"z":0.2811209559440613,"w":0.32700279355049136},"size":621.0224609375,"orthographic":false}